{"stat.drop.sm.tin_hoe":2,"stat.walkOneCm":3273,"stat.pickup.sm.tin_hoe":1,"stat.useItem.sm.copper_pickaxe":2,"stat.leaveGame":1,"stat.drop.sm.tin_pickaxe":2,"stat.pickup.minecraft.planks":1,"stat.drop.sm.tin_axe":2,"stat.pickup.sm.copper_ore":1,"stat.drop.sm.furnace":1,"stat.mineBlock.minecraft.planks":1,"stat.drop":9,"stat.jump":2,"stat.playOneMinute":3020,"stat.pickup.sm.tin_pickaxe":1,"stat.drop.sm.tin_sword":1,"stat.mineBlock.minecraft.iron_ore":1,"stat.timeSinceDeath":3020,"stat.drop.sm.tin_shovel":1,"stat.useItem.sm.tin_pickaxe":2,"stat.pickup.sm.tin_axe":1,"stat.useItem.minecraft.stone_slab2":7,"stat.mineBlock.sm.copper_ore":1,"stat.pickup.minecraft.iron_ore":1}