{"stat.drop.minecraft.stone_pickaxe":1,"stat.walkOneCm":4970,"stat.drop.minecraft.quartz_ore":1,"stat.drop.minecraft.diamond_chestplate":1,"stat.drop.minecraft.wooden_pickaxe":1,"stat.useItem.minecraft.flint_and_steel":2,"stat.leaveGame":2,"stat.drop.sm.tin_pickaxe":1,"stat.drop.sm.barrel":1,"stat.drop.minecraft.spawn_egg":1,"stat.drop.minecraft.iron_pickaxe":3,"stat.flyOneCm":4405,"stat.drop.sm.copper_sword":1,"stat.drop.sm.furnace":1,"stat.drop":14,"stat.jump":5,"stat.playOneMinute":5063,"stat.pickup.minecraft.iron_pickaxe":1,"stat.pickup.sm.barrel":1,"stat.sneakTime":48,"stat.drop.minecraft.stone_axe":1,"stat.drop.sm.copper_hoe":1,"stat.crouchOneCm":91,"stat.timeSinceDeath":5063,"stat.useItem.minecraft.stone_slab2":17,"stat.useItem.minecraft.spawn_egg":1}