{"stat.pickup.minecraft.rotten_flesh":2,"stat.flyOneCm":6105,"stat.walkOneCm":35071,"stat.mineBlock.sm.copper_block":1,"stat.mineBlock.minecraft.tnt":1,"stat.jump":27,"stat.playOneMinute":9332,"stat.fallOneCm":320,"stat.pickup.minecraft.tnt":1,"stat.leaveGame":2,"stat.damageTaken":140,"stat.useItem.minecraft.tnt":1,"stat.damageDealt":216,"stat.killEntity.Zombie":1,"stat.timeSinceDeath":9332,"stat.useItem.minecraft.wooden_pickaxe":1,"stat.useItem.sm.copper_block":13,"stat.useItem.minecraft.iron_pickaxe":6,"stat.mobKills":1,"stat.useItem.minecraft.stone_slab2":179,"stat.pickup.sm.copper_block":1}