{
  "minecraft:story/iron_tools": {
    "criteria": {
      "iron_pickaxe": "2018-04-18 22:28:01 -0700"
    },
    "done": true
  },
  "minecraft:recipes/decorations/chest": {
    "criteria": {
      "has_lots_of_items": "2018-04-18 22:28:01 -0700"
    },
    "done": true
  },
  "minecraft:recipes/misc/diamond": {
    "criteria": {
      "has_diamond_block": "2018-04-18 22:28:01 -0700"
    },
    "done": true
  },
  "minecraft:adventure/adventuring_time": {
    "criteria": {
      "plains": "2018-04-18 22:28:01 -0700"
    },
    "done": false
  }
}